{"cameraMode":{"drawMode":0,"name":"Shaded","section":"Shading Mode"},"sceneLighting":true,"audioPlay":false,"sceneViewState":{"m_AlwaysRefresh":false,"showFog":true,"showSkybox":true,"showFlares":true,"showImageEffects":true,"showParticleSystems":true,"showVisualEffectGraphs":true,"m_FxEnabled":true},"in2DMode":false,"pivot":{"x":700.6337280273438,"y":398.2510986328125,"z":-102.81570434570313},"rotation":{"x":-0.07072000950574875,"y":-0.029324671253561975,"z":0.0020804188679903747,"w":-0.9970642924308777},"size":103.66519927978516,"orthographic":false}